{"count":1,"self":5458.5077759999995,"total":77216.2138725,"children":{"InitializeActuators":{"count":768,"self":0.0050000999999999995,"total":0.0050000999999999995,"children":null},"InitializeSensors":{"count":768,"self":0.0139957,"total":0.0139957,"children":null},"AgentSendState":{"count":436117,"self":8306.388992,"total":9379.3314993,"children":{"CollectObservations":{"count":111646464,"self":194.5844224,"total":194.5844171,"children":null},"WriteActionMask":{"count":111646464,"self":22.9665856,"total":22.9665848,"children":null},"RequestDecision":{"count":111646464,"self":105.87281279999999,"total":855.391756,"children":{"AgentInfo.ToProto":{"count":37215488,"self":30.8988192,"total":749.51894629999993,"children":{"GenerateSensorData":{"count":37215488,"self":505.2771328,"total":718.6201285,"children":{"RayPerceptionSensor.Perceive":{"count":186077440,"self":213.342976,"total":213.3429793,"children":null}}}}}}}}},"DecideAction":{"count":436117,"self":61429.946777599995,"total":62023.921450099995,"children":{"RayPerceptionSensor.Perceive":{"count":372154880,"self":593.97191679999992,"total":593.97189919999994,"children":null}}},"AgentAct":{"count":436117,"self":350.86824959999996,"total":351.7293021,"children":{"AgentInfo.ToProto":{"count":25314,"self":0.0959908,"total":0.8610633,"children":{"GenerateSensorData":{"count":25314,"self":0.593155,"total":0.76507249999999993,"children":{"RayPerceptionSensor.Perceive":{"count":126570,"self":0.1719175,"total":0.1719175,"children":null}}}}}}},"AgentInfo.ToProto":{"count":65387,"self":0.38593479999999997,"total":2.7030092999999997,"children":{"GenerateSensorData":{"count":65387,"self":1.8205468,"total":2.3170745,"children":{"RayPerceptionSensor.Perceive":{"count":326935,"self":0.49652769999999996,"total":0.49652769999999996,"children":null}}}}}},"gauges":{"CarAgent.CumulativeReward":{"count":177847,"max":972.812134,"min":0.475402832,"runningAverage":377.128448,"value":242.243225,"weightedAverage":342.833923},"PoliceAgent.CumulativeReward":{"count":90701,"max":1073.99072,"min":-54.9759827,"runningAverage":547.971436,"value":1072.53052,"weightedAverage":988.150635}},"metadata":{"timer_format_version":"0.1.0","start_time_seconds":"1685461524","unity_version":"2021.3.21f1","command_line_arguments":"D:\\Unity\\unity-2023-capstone\\.\\env\\PoliceEnv\\CarEnv.exe -nographics -batchmode --mlagents-port 5006 -logFile D:\\Unity\\unity-2023-capstone\\results\\ppo\\run_logs\\Player-1.log","communication_protocol_version":"1.5.0","com.unity.ml-agents_version":"2.3.0-exp.3","scene_name":"TrainingScene2","end_time_seconds":"1685538740"}}