{"count":1,"self":816.0085504,"total":22563.022041199998,"children":{"InitializeActuators":{"count":256,"self":0.0020024,"total":0.0020024,"children":null},"InitializeSensors":{"count":256,"self":0.012999,"total":0.012999,"children":null},"AgentSendState":{"count":147851,"self":1016.0951296,"total":1301.1609156,"children":{"CollectObservations":{"count":12616704,"self":21.3312688,"total":21.331269199999998,"children":null},"WriteActionMask":{"count":12616704,"self":2.6510507999999997,"total":2.6510507,"children":null},"RequestDecision":{"count":12616704,"self":14.8651232,"total":261.0834432,"children":{"AgentInfo.ToProto":{"count":12616704,"self":8.5302832,"total":246.21831949999998,"children":{"GenerateSensorData":{"count":12616704,"self":165.75710719999998,"total":237.6880362,"children":{"RayPerceptionSensor.Perceive":{"count":63083520,"self":71.9309376,"total":71.930934499999992,"children":null}}}}}}}}},"DecideAction":{"count":147851,"self":20397.5196672,"total":20397.5198285,"children":null},"AgentAct":{"count":147851,"self":47.5467552,"total":48.033687799999996,"children":{"AgentInfo.ToProto":{"count":12991,"self":0.0629399,"total":0.4869328,"children":{"GenerateSensorData":{"count":12991,"self":0.3331127,"total":0.4239929,"children":{"RayPerceptionSensor.Perceive":{"count":64955,"self":0.0908802,"total":0.0908802,"children":null}}}}}}},"AgentInfo.ToProto":{"count":6900,"self":0.0469968,"total":0.2820361,"children":{"GenerateSensorData":{"count":6900,"self":0.1810452,"total":0.23503929999999998,"children":{"RayPerceptionSensor.Perceive":{"count":34500,"self":0.053994099999999996,"total":0.053994099999999996,"children":null}}}}}},"gauges":{"CarAgent.CumulativeReward":{"count":19891,"max":1078.98474,"min":-145.2215,"runningAverage":820.7892,"value":554.823364,"weightedAverage":899.983643}},"metadata":{"timer_format_version":"0.1.0","start_time_seconds":"1685422815","unity_version":"2021.3.21f1","command_line_arguments":"D:\\Unity\\unity-2023-capstone\\.\\env\\CarEnv\\CarEnv.exe -nographics -batchmode --mlagents-port 5006 -logFile D:\\Unity\\unity-2023-capstone\\results\\ppo\\run_logs\\Player-1.log","communication_protocol_version":"1.5.0","com.unity.ml-agents_version":"2.3.0-exp.3","scene_name":"TrainingScene1","end_time_seconds":"1685445378"}}