{"count":1,"self":24820.904755199997,"total":24832.3754289,"children":{"InitializeActuators":{"count":320,"self":0.0039997999999999995,"total":0.0039997999999999995,"children":null},"InitializeSensors":{"count":320,"self":0.010000799999999999,"total":0.010000799999999999,"children":null},"AgentSendState":{"count":6426,"self":6.714004,"total":7.2010559999999995,"children":{"CollectObservations":{"count":97696,"self":0.1763786,"total":0.1763786,"children":null},"WriteActionMask":{"count":97696,"self":0.0089982,"total":0.0089982,"children":null},"RequestDecision":{"count":97696,"self":0.16969599999999999,"total":0.3016754,"children":{"RayPerceptionSensor.Perceive":{"count":203840,"self":0.1319794,"total":0.1319794,"children":null}}}}},"DecideAction":{"count":6426,"self":2.1162912,"total":2.4323517999999997,"children":{"RayPerceptionSensor.Perceive":{"count":284640,"self":0.31606049999999997,"total":0.31606049999999997,"children":null}}},"AgentAct":{"count":6426,"self":1.8217155999999999,"total":1.8217155999999999,"children":null},"RayPerceptionSensor.Perceive":{"count":135,"self":0.0019997,"total":0.0019997,"children":null}},"gauges":{"CarAgent.CumulativeReward":{"count":157,"max":963.1604,"min":0.476074219,"runningAverage":288.493042,"value":283.882355,"weightedAverage":336.573364}},"metadata":{"timer_format_version":"0.1.0","start_time_seconds":"1685422627","unity_version":"2021.3.21f1","command_line_arguments":"C:\\Program Files\\Unity\\Hub\\Editor\\2021.3.21f1\\Editor\\Unity.exe -projectpath D:\\Unity\\unity-2023-capstone\\unity-capstone -useHub -hubIPC -cloudEnvironment production","communication_protocol_version":"1.5.0","com.unity.ml-agents_version":"2.3.0-exp.3","scene_name":"TrainingScene2","end_time_seconds":"1685447459"}}