{"count":1,"self":5524.1269248,"total":5589.3349063,"children":{"InitializeActuators":{"count":320,"self":0.002974,"total":0.002974,"children":null},"InitializeSensors":{"count":320,"self":0.013142899999999999,"total":0.013142899999999999,"children":null},"AgentSendState":{"count":26432,"self":31.9738176,"total":34.4316804,"children":{"CollectObservations":{"count":437168,"self":0.71995599999999993,"total":0.71995599999999993,"children":null},"WriteActionMask":{"count":437168,"self":0.059852199999999994,"total":0.059852199999999994,"children":null},"RequestDecision":{"count":437168,"self":0.80270259999999993,"total":1.6780530999999999,"children":{"RayPerceptionSensor.Perceive":{"count":1579520,"self":0.87535049999999992,"total":0.87535049999999992,"children":null}}}}},"DecideAction":{"count":26432,"self":22.8378032,"total":23.813486899999997,"children":{"RayPerceptionSensor.Perceive":{"count":606320,"self":0.9756843,"total":0.9756843,"children":null}}},"AgentAct":{"count":26432,"self":6.9468511999999993,"total":6.9468514999999993,"children":null}},"gauges":{"CarAgent.CumulativeReward":{"count":146,"max":1072.92114,"min":40.2253723,"runningAverage":711.235168,"value":975.071838,"weightedAverage":869.846436},"PoliceAgent.CumulativeReward":{"count":65,"max":1071.85059,"min":6.444336,"runningAverage":569.0115,"value":264.789429,"weightedAverage":709.706543}},"metadata":{"timer_format_version":"0.1.0","start_time_seconds":"1685554235","unity_version":"2021.3.21f1","command_line_arguments":"C:\\Program Files\\Unity\\Hub\\Editor\\2021.3.21f1\\Editor\\Unity.exe -projectpath D:\\Unity\\unity-2023-capstone\\unity-capstone -useHub -hubIPC -cloudEnvironment production","communication_protocol_version":"1.5.0","com.unity.ml-agents_version":"2.3.0-exp.3","scene_name":"TrainingScene1","end_time_seconds":"1685559824"}}